url_path,views_total,views_unique
/Unity-Technologies/EntityComponentSystemSamples,3507,1879
/Unity-Technologies/EntityComponentSystemSamples/blob/master/EntitiesSamples/Assets/README.md,2151,483
/Unity-Technologies/EntityComponentSystemSamples/tree/master/EntitiesSamples,1258,382
/Unity-Technologies/EntityComponentSystemSamples/tree/master/EntitiesSamples/Assets,742,229
/Unity-Technologies/EntityComponentSystemSamples/tree/master/PhysicsSamples,707,222
/Unity-Technologies/EntityComponentSystemSamples/tree/master/NetcodeSamples,608,187
/Unity-Technologies/EntityComponentSystemSamples/tree/master,581,349
/Unity-Technologies/EntityComponentSystemSamples/blob/master/EntitiesSamples/Assets/HelloCube/README.md,512,149
/Unity-Technologies/EntityComponentSystemSamples/blob/master/EntitiesSamples/Assets/Tutorials/Firefighters/README.md,478,140
/Unity-Technologies/EntityComponentSystemSamples/tree/master/PhysicsSamples/Assets,447,111
